ID,Sequence,BBB_label,BBB_prob,prob_bin
N_C233,HALAHKLKHLLHRLRHLLHRHLRHALAH,0,0.062,low
N_C93,YRWRCKNQN,0,0.044,low
N_C248,CAYGGQQGGQGGG,0,0.696,high
P_71,YTGFLSN,1,0.974,high
P_123,YGRKKRRQRRR,1,0.82,high
P_18,VPDPR,1,0.812,high
P_36,PFVYLI,1,0.938,high
N_C13,RRLRHLRHHYRRRWHRFR,0,0.12,low
P_121,RRRRRRRRRRR,1,0.6173333333333333,medium
P_189,LRKLRKRLLLRKLRKRLL,1,0.236,low
P_212,VDKPPYLPRPRPPRRIYNR,1,0.85,high
P_12,LGSVS,1,0.902,high
N_C9,LLIILRRRIRRRARARSR,0,0.146,low
P_234,HGLASTLTRWAHYNALIRAFGGG,1,0.856,high
N_C198,KKPTIKTTKK,0,0.1956,low
P_145,RLSSVDSDLSGC,1,0.64,medium
N_C168,VRRFLVTLRIRRA,0,0.046,low
N_C192,GRKKRRQRRRPPQRKC,0,0.263,low
P_150,SRYSIGGNNGVT,1,0.924,high
P_257,SGSWLRDVWDWICTVLTDFKTWLQSKL,1,0.818,high
N_C193,CSSLDEPGRGGFSSESKV,0,0.17,low
N_C240,KNAWKHSSCHHRHQI,0,0.16,low
P_168,YGGFLRRIRPKLK,1,0.892,high
P_131,DSSHAFTLDELR,1,0.936,high
N_C220,GKKKKRKREKL,0,0.35,medium
P_61,YAFGYPS,1,0.902,high
P_200,YGRKKRRQRRRLPGKETMA,1,0.9,high
N_C242,RKKRRQRRRRKKRRQRRR,0,0.076,low
P_228,GANNNRPVYIPRPRPPHPRL,1,0.62,medium
N_C40,LKKLLKLLKKLLKLAG,0,0.1,low
P_194,VRPPPVRLPPPKRLPPP,1,0.546,medium
P_169,YPENGPRFPENF,1,0.924,high
N_C187,FITKALGISYGRKKRR,0,0.162,low
P_214,GKPRHYPYSPRPTSHPRPIR,1,0.788,high
N_C25,LLHILRRSIRKQAHAIRK,0,0.026,low
P_254,GRKKRRQRRRCRRGGSLKAAPGAGTRR,1,0.42,medium
N_C167,RHVYHVLLSQ,0,0.54,medium
N_C108,GLPRRRRRRRRR,0,0.3808000000000001,medium
P_186,CNCKAPETALCARRCQQH,1,0.7153333333333333,high
P_115,YGRKKRRQRRR,1,0.82,high
P_13,PYRHP,1,0.862,high
P_260,GSSFLSPEHQRVQQRKESKKPPAKLQPR,1,0.878,high
P_246,RPRTRLHTHRNRRPRTRLHTHRNR,1,0.564,medium
N_C75,VKRFKKFFRKLKKLV,0,0.09,low
P_195,VRPPPVRLPPPVRKPPP,1,0.52,medium
P_198,GRKKRRQRRRCSTRIRRQL,1,0.794,high
N_C256,IWRYSLASQQ,0,0.202,low
P_91,APYAFEVVG,1,0.988,high
N_C219,RFTFHFRFEFTFHFEGGGRRRRRRR,0,0.33039999999999997,medium
P_7,CGKRK,1,0.7261333333333333,high
P_199,RRRQRRKKRGYAGQWGESV,1,0.89,high
P_109,VQQLTKRFSL,1,0.4953333333333333,medium
P_193,VRLPPPVLPPPVRLPPP,1,0.866,high
P_240,YGRKKRRQRRRKKNRNKLRRQHSY,1,0.896,high
P_188,LLIILRRRIRKQAHAHSK,1,0.644,medium
N_C211,GRQLRRAGRRLRGRSR,0,0.045333333,low
P_204,DPQILMGVLRSIRGFGVKL,1,0.478,medium
N_C135,MAARLCCQLDPARDV,0,0.38066666666666665,medium
P_70,YPWTQRF,1,0.956,high
N_C20,IYLATALAKWALKQGGRRRRRRR,0,0.05,low
N_C210,ARRRCSDRFRNCPADEALCGRRR,0,0.094,low
N_C14,RQIKIWFPNRRMKWKK,0,0.102,low
N_C169,KLIKGRTPIKFGKADCDRPPKHSQNGK,0,0.095333333,low
P_22,YGGFL,1,0.95,high
N_C37,RRGRRG,0,0.13293333333333335,low
N_C74,VSRRRRRRGGRRRR,0,0.4468952380952383,medium
P_242,KIKKVKKKGRKGSKIKKVKKKGRK,1,0.6758,high
N_C239,VELPPPVELPPPVELPPP,0,0.336,medium
N_C231,YARVRRRGPRR,0,0.483,medium
N_C170,SRRARRSPRHLGSG,0,0.554,medium
N_C115,FHFHFRFR,0,0.142,low
P_27,VQITYK,1,0.722,high
N_C11,LNSAGYLLGKALAALAKKIL,0,0.19,low
P_219,YGRKKRRQRRRCSEPTLDVKI,1,0.958,high
N_C216,ARRCSDRFRNCPADEALCGRR,0,0.106,low
N_C112,KRARNTEAARRSRARKLQRMKQGC,0,0.166,low
N_C95,CRGDKGDPC,0,0.122,low
P_253,YGRKKRRQRRRMKSNGSFPVNRRRMD,1,0.94,high
N_C123,RLWMRWASPTTRRYG,0,0.028,low
N_C257,GRRRRRRRRRPPQ,0,0.052,low
N_C22,GWTLNSAGYLLGKFLPLILRKIVTAL,0,0.436,medium
N_C260,MIIYRDL,0,0.17,low
P_243,CKGKGAKCSRLYDCCTGSCRSGKC,1,0.834,high
P_112,YPENGFPENF,1,0.962,high
P_119,RLTRKRGLKLA,1,0.33,low
N_C196,RRRRWWWW,0,0.114,low
P_106,LRKLRKRLLR,1,0.726,high
P_75,DMTRFNMK,1,0.606,medium
P_8,VQIYK,1,0.758,high
N_C243,KLIKGRTPIKFGKADCDRPPKHSGK,0,0.077333333,low
N_C30,RLWMRWYSPATRRYG,0,0.022,low
N_C197,KETWWETWWTEWSQPKKKRKVC,0,0.158,low
N_C73,HHHRRRRRRRRRHHH,0,0.1192,low
N_C253,WIIFKIAASHKK,0,0.112,low
P_10,CKFFD,1,0.786,high
N_C18,VSLKK,0,0.418,medium
N_C2,LGTYTQDFNKFHTFPQTAIGVGAP,0,0.668,high
P_99,WAGGDASGE,1,0.6960000000000001,high
N_C131,VPMIK,0,0.566,medium
N_C8,KIWFQNRRMKWKK,0,0.084,low
